,Overall EITI Report Info,,,,,,,,,EITI Report Coverage of Breakdowns,,,,,,,
Report ID,Period Covered,Country,Region,Publication Date,Sector,Government Revenues (US$),Company Payments (US$),Number of Companies Reporting,Link to Report,By Company,By Commodity,By Revenue Stream,By Rev Stream & Commodity,By Rev Stream & Company,By Project,Is there an SOC?,Are Contracts Disclosed?
Afghanistan2008,2008.0,Afghanistan,South Asia,August 2012,Mining,89690970.0,89986645.0,4.0,http://eiti.org/files/Afghanistan-2008-2009-EITI-Report.pdf,x,,x,,x,,yes,no
Afghanistan2009,2009.0,Afghanistan,South Asia,August 2012,Mining,7788994.0,13964717.0,5.0,http://eiti.org/files/Afghanistan-2008-2009-EITI-Report.pdf,x,,x,,x,,yes,no
Afghanistan2010,2010.0,Afghanistan,South Asia,October 2012,Mining,23383829.47,24969535.89,5.0,http://eiti.org/files/Afghanistan-2010-2011-EITI-Report.pdf,x,,x,,x,,yes,no
Afghanistan2011,2011.0,Afghanistan,South Asia,September 2014,"Oil, Gas, Mining",101776402.0,101712176.0,14.0,http://eiti.org/files/Afghanistan_2011_EITI_Report.pdf,x,,x,,x,,yes,no
Albania2009,2009.0,Albania,Europe and Central Asia,March 2011,"Oil, Mining",33298711.201804318,33961855.11760283,41.0,http://eiti.org/files/Albania-2009-EITI-Report.pdf,,,x,,,,yes,no
Albania2010,2010.0,Albania,Europe and Central Asia,December 2012,"Oil, Gas, Mining",62819643.0,61621520.0,62.0,http://eiti.org/files/Albania-2010-EITI-Report.pdf,,,x,,,,yes,no
Albania2011,2011.0,Albania,Europe and Central Asia,June 2014,"Oil, Gas, Mining",87672150.56845324,87847635.42562339,63.0,http://eiti.org/files/20140701090023_eiti_report_2011_english_0.pdf,x,,x,,x,,yes,no
Albania2012,2012.0,Albania,Europe and Central Asia,December 2014,"Oil, Mining",92136623.82,92418128.93,74.0,https://eiti.org/files/EITI%20Report%202012_English_SITE.pdf,x,,x,,,,,no
Azerbaijan2003,2003.0,Azerbaijan,Europe and Central Asia,February 2005,"Oil, Gas",622338949.7510204,263638775.51020396,21.0,http://eiti.org/files/Azerbaijan-2003-EITI-Report.pdf,,,x,,,,yes,no
Azerbaijan2004,2004.0,Azerbaijan,Europe and Central Asia,June 2005,"Oil, Gas",1099837402.0408163,645018367.3469387,21.0,http://eiti.org/files/Azerbaijan-2004-EITI-Report.pdf,,,x,,,,yes,no
Azerbaijan2005,2005.0,Azerbaijan,Europe and Central Asia,June 2006,"Oil, Gas",1475500561.5275025,157145502.64550266,22.0,http://eiti.org/files/Azerbaijan-2005-EITI-Report.pdf,,,x,,,,yes,no
Azerbaijan2006,2006.0,Azerbaijan,Europe and Central Asia,July 2007,"Oil, Gas",3510790699.9586,1687436394.0,25.0,http://eiti.org/files/Azerbaijan-2006-EITI-Report.pdf,,,x,,,,yes,no
Azerbaijan2007,2007.0,Azerbaijan,Europe and Central Asia,May 2008,"Oil, Gas",5563486877.5584,2818365735.0,25.0,http://eiti.org/files/Azerbaijan-2007-EITI-Report.pdf,,,x,,,,yes,no
Azerbaijan2008,2008.0,Azerbaijan,Europe and Central Asia,May 2009,"Oil, Gas",19134087707.225998,3822950670.0,26.0,http://eiti.org/files/Azerbaijan-2008-EITI-Report.pdf,,,x,,,,yes,no
Azerbaijan2009,2009.0,Azerbaijan,Europe and Central Asia,April 2010,"Oil, Gas, Mining",14160319906.428267,1706355915.317559,30.0,http://eiti.org/files/Azarbaijan%202009%20EITI%20Report.pdf,,,x,,,,yes,no
Azerbaijan2010,2010.0,Azerbaijan,Europe and Central Asia,May 2011,"Oil, Gas, Mining",19732689646.4149,1985246699.8754668,31.0,http://eiti.org/files/Azerbaijan-2010-EITI-Report_1.pdf,,,x,,,,yes,no
Azerbaijan2011,2011.0,Azerbaijan,Europe and Central Asia,June 2012,"Oil, Gas, Mining",23901723059.816406,23789422532.0,31.0,http://eiti.org/files/Azerbaijan-2011-EITI-Report.pdf,,,x,,,,yes,no
Azerbaijan2012,2012.0,Azerbaijan,Europe and Central Asia,June 2013,"Oil, Gas, Mining",21826952015.57588,21810988036.4,26.0,http://eiti.org/files/Azerbaijan-2012-EITI-Report.pdf,,,x,,,,yes,no
BurkinaFaso2008,2008.0,Burkina Faso ,Africa,April 2011,Mining,3746160.96432199,3466272.59891403,1.0,https://eiti.org/files/Burkina-Faso-2008-2009-EITI-Report_0.pdf,x,,x,,,,,
BurkinaFaso2009,2009.0,Burkina Faso ,Africa,April 2011,Mining,22698094.71144401,24962866.897629976,4.0,https://eiti.org/files/Burkina-Faso-2008-2009-EITI-Report.pdf,x,,x,,,,,
BurkinaFaso2010,2010.0,Burkina Faso ,Africa,July 2012,Mining,47170416.0,46949862.0,9.0,https://eiti.org/files/Burkina-Faso-2010-EITI-Report.pdf,x,,x,,,,,
BurkinaFaso2011,2011.0,Burkina Faso ,Africa,December 2013,Mining,236414921.8933501,238824617.91727158,18.0,https://eiti.org/files/Burkina-Faso-2011-EITI-Report_FR.pdf,x,,x,,,,,
BurkinaFaso2012,2012.0,Burkina Faso,Africa,December 2014,Mining,366304044.27,371460985.86,26.0,https://eiti.org/files/2012%20Burkina%20Faso%20EITI%20Report%20Final.pdf,x,,x,,,,,no
Cameroon2001,2001.0,Cameroon,Africa,October 2006,Oil,731900794.8508164,143175130.0,4.0,http://eiti.org/files/Cameroon%202001-2002-2003-2004%20EITI%20Report_0.pdf,,,x,,,,yes,no
Cameroon2002,2002.0,Cameroon,Africa,October 2006,Oil,338323283.5616438,49056250.0,4.0,http://eiti.org/files/Cameroon%202001-2002-2003-2004%20EITI%20Report_0.pdf,,,x,,,,yes,no
Cameroon2003,2003.0,Cameroon,Africa,October 2006,Oil,753768010.0,120983440.0,4.0,http://eiti.org/files/Cameroon%202001-2002-2003-2004%20EITI%20Report_0.pdf,,,x,,,,yes,no
Cameroon2004,2004.0,Cameroon,Africa,October 2006,Oil,954798250.0,172493250.0,4.0,http://eiti.org/files/Cameroon%202001-2002-2003-2004%20EITI%20Report_0.pdf,,,x,,,,yes,no
Cameroon2005,2005.0,Cameroon,Africa,February 2007,Oil,1188024922.5,204854380.0,10.0,http://eiti.org/files/Cameroon-2005-EITI-Report.pdf,,,x,,,,yes,no
Cameroon2006,2006.0,Cameroon,Africa,June 2010,"Oil, Mining",1599006845.61875,238822368.0,10.0,http://eiti.org/files/Cameroon-2006-2007-2008-EITI-Report_1.pdf,,,x,,,,yes,no
Cameroon2007,2007.0,Cameroon,Africa,June 2010,"Oil, Mining",1803241787.7304473,302485747.049195,10.0,http://eiti.org/files/Cameroon-2006-2007-2008-EITI-Report_1.pdf,,,x,,,,yes,no
Cameroon2008,2008.0,Cameroon,Africa,June 2010,"Oil, Mining",2362223467.224865,370036064.80442196,10.0,http://eiti.org/files/Cameroon-2006-2007-2008-EITI-Report_1.pdf,,,x,,,,yes,no
Cameroon2009,2009.0,Cameroon,Africa,April 2013,"Oil, Mining",3501213151.7658243,1237959455.9556208,20.0,https://eiti.org/files/Cameroon-2009-EITI-Report-French.pdf,,,,,,,,
Cameroon2010,2010.0,Cameroon,Africa,April 2013,"Oil, Mining",3676246858.7772026,1056689895.4541755,20.0,https://eiti.org/files/Cameroon-2010-EITI-Report-French.pdf,,,,,,,,
Cameroon2011,2011.0,Cameroon,Africa,August 2013,"Oil, Gas, Mining",1566015122.0,1565907028.0,22.0,https://eiti.org/files/Cameroon-2011-EITI-Report-English.pdf,x,,x,,x,,yes,no
Cameroon2012,2012.0,Cameroon,Africa,December 2014,"Oil, Gas, Mining",1529320794.4,1527058697.25,22.0,https://eiti.org/files/Rapport%20-%20Conciliation%20ITIE%20Cameroon%202012%20Final_0.pdf,x,,x,,,,,no
CentralAfricanRepublic2006,2006.0,Central African Republic,Africa,February 2009,Mining,10973706.76241657,10087128.76130735,17.0,https://eiti.org/files/Central%20African%20Republic%202006%20EITI%20Report.pdf,x,,x,,,,,
CentralAfricanRepublic2007,2007.0,Central African Republic,Africa,July 2010,Mining,3520131.524008351,3732496.8684759918,9.0,https://eiti.org/files/Central%20African%20Republic%202007-2009%20EITI%20Report_1.pdf,x,,x,,,,,
CentralAfricanRepublic2008,2008.0,Central African Republic,Africa,July 2010,Mining,4042178.5714285714,4091267.8571428573,9.0,https://eiti.org/files/Central%20African%20Republic%202007-2009%20EITI%20Report_1.pdf,x,,x,,,,,
CentralAfricanRepublic2009,2009.0,Central African Republic,Africa,July 2010,Mining,6056423.72881356,6254457.627118644,9.0,https://eiti.org/files/Central%20African%20Republic%202007-2009%20EITI%20Report_1.pdf,x,,x,,,,,
CentralAfricanRepublic2010,2010.0,Central African Republic,Africa,December 2012,Mining,20633575.0,20380882.0,8.0,https://eiti.org/files/Central-African-Republic-2010-EITI-Report.pdf,x,,x,,,,,
Chad2007,2007.0,Chad,Africa,October 2012,"Oil, Gas, Mining",1183293262.0,1213159503.0,9.0,http://eiti.org/files/Chad-2007-EITI-Report.pdf,,,x,,,,,
Chad2008,2008.0,Chad,Africa,October 2012,"Oil, Gas, Mining",1908801646.0,1870701903.0,9.0,http://eiti.org/files/Chad-2008-EITI-Report.pdf,,,x,,,,,
Chad2009,2009.0,Chad,Africa,October 2012,"Oil, Gas, Mining",614882373.0,638651484.0,9.0,http://eiti.org/files/Chad-2009-EITI-Report.pdf,,,x,,,,,
Chad2010,2010.0,Chad,Africa,May 2013,"Oil, Gas, Mining",1347744000.0,1358346131.0,9.0,http://eiti.org/files/Chad-2010-EITI-Report.pdf,x,,x,,,,,
Chad2011,2011.0,Chad,Africa,May 2013,"Oil, Gas, Mining",2146562000.0,2225298411.167513,12.0,http://eiti.org/files/Chad-2011-EITI-Report.pdf,x,,x,,,,,
Chad2012,2012.0,Chad,Africa,March 2014,"Oil, Gas, Mining",2109663000.0,2107958000.0,24.0,http://eiti.org/files/Tchad%20EITI%20Report%202012%20RAPPORT%20DE%20RECONCILIATION%20VFIN%20DEFINITIVE%20%205%203%2014_0.pdf,x,,x,,,,,
Coted'Ivoire2006,2006.0,Cote d'Ivoire,Africa,January 2010,"Oil, Gas",84482680.0,69730440.0,5.0,http://eiti.org/files/Cote%20dIvoire%202006-2007%20EITI%20Report.pdf,,,x,,,,,
Coted'Ivoire2007,2007.0,Cote d'Ivoire,Africa,January 2010,"Oil, Gas",121454480.00000001,95440290.00000001,5.0,http://eiti.org/files/Cote%20dIvoire%202006-2007%20EITI%20Report_0.pdf,,,x,,,,,
Coted'Ivoire2008,2008.0,Cote d'Ivoire,Africa,May 2012,"Oil, Gas, Mining",594748911.0,665559303.0,28.0,http://eiti.org/files/Cote-dIvoire-2008-EITI-Report.pdf,,,x,,,,,
Coted'Ivoire2009,2009.0,Cote d'Ivoire,Africa,May 2012,"Oil, Gas, Mining",284861428.97265005,285117107.7502619,28.0,http://eiti.org/files/Cote-dIvoire-2009-EITI-Report.pdf,,,x,,,,,
Coted'Ivoire2010,2010.0,Cote d'Ivoire,Africa,May 2012,"Oil, Gas, Mining",245231916.38661528,268224380.18679258,28.0,http://eiti.org/files/Cote-dIvoire-2010-EITI-Report.pdf,,,x,,,,,
Coted'Ivoire2011,2011.0,Cote d'Ivoire,Africa,May 2013,"Oil, Gas, Mining",389368836.0980392,397882411.3509804,24.0,http://eiti.org/files/Cote-dIvoire-2011-EITI-Report-FR.pdf,,,x,,,,,
Coted'Ivoire2012,2012.0,Coted'Ivoire,Africa,December 2014,"Oil, Gas, Mining",615027475.0,605454283.43,37.0,https://eiti.org/files/CDI%202012%20EITI%20Report%20Final%20MS.pdf,x,,x,,,,,no
DemocraticRepublicofCongo2007,2007.0,Democratic Republic of Congo,Africa,November 2009,"Oil, Gas, Mining",416300000.0,416491000.0,26.0,http://eiti.org/files/DRC%202007%20EITI%20Report.pdf,,,x,,,,,
DemocraticRepublicofCongo2008,2008.0,Democratic Republic of Congo,Africa,January 2012,"Oil, Gas, Mining",516117440.1030104,578201440.1030104,41.0,http://eiti.org/files/DRC%202008-2009%20EITI%20Report.pdf,,,x,,,,,
DemocraticRepublicofCongo2009,2009.0,Democratic Republic of Congo,Africa,January 2012,"Oil, Gas, Mining",253718209.59147424,294456985.7904085,41.0,http://eiti.org/files/DRC%202008-2009%20EITI%20Report_0.pdf,,,x,,,,,
DemocraticRepublicofCongo2010,2010.0,Democratic Republic of Congo,Africa,January 2013,"Oil, Gas, Mining",875938726.0,773021963.0,58.0,http://eiti.org/files/Congo-DRC-2010-EITI-Report-ENG_0.pdf,x,,x,,,,,
DemocraticRepublicofCongo2011,2011.0,Democratic Republic of Congo,Africa,December 2013,"Oil, Gas, Mining",1413126313.0,1408273353.0,106.0,http://www.itierdc.com/Publication_et_rapport/Rapport%20Complementaire%20ITIE-RDC%202011%20-%20version%20anglaise%20%28english%29.pdf,x,,,,,,yes,no
DemocraticRepublicofCongo2012,2012.0,Congo,Africa,December 2014,"Oil, Mining",1505213145.0,1514746636.0,110.0,https://eiti.org/files/Rapport%20de%20Conciliation%20ITIE%20RDC%202012.pdf,x,,x,,,,,no
EquatorialGuinea2007,2007.0,Equatorial Guinea,Africa,,"Oil, Gas",6148771541.760594,4083149750.841968,,,,,,,,,,
EquatorialGuinea2008,2008.0,Equatorial Guinea,Africa,,"Oil, Gas",9119117112.056475,6011049981.865613,,,,,,,,,,
Gabon2004,2004.0,Gabon,Africa,,Oil,775990000.0,808829000.0,,,,,,,,,,
Gabon2005,2005.0,Gabon,Africa,,"Oil, Mining",1716414357.4144487,1748730093.1558936,,,,,,,,,,
Gabon2006,2006.0,Gabon,Africa,,"Oil, Mining",1944187567.1747403,2007587567.17474,,,,,,,,,,
Ghana2004,2004.0,Ghana,Africa,September 2007,Mining,27021531.67,27012825.07,8.0,http://eiti.org/files/Ghana%202004-2008%20EITI%20Report_0.pdf,,,x,,,,no,no
Ghana2005,2005.0,Ghana,Africa,March 2008,Mining,44654643.0,44137187.0,9.0,http://eiti.org/files/Ghana%202005%20EITI%20Report.pdf,x,x,x,x,x,,no,no
Ghana2006,2006.0,Ghana,Africa,August 2010,Mining,66220560.0,66776712.0,11.0,http://eiti.org/files/Ghana%202006%20EITI%20Report.pdf,x,x,x,x,x,,no,no
Ghana2007,2007.0,Ghana,Africa,August 2010,Mining,61767543.0,64548464.0,11.0,http://eiti.org/files/Ghana%202007%20EITI%20Report.pdf,x,x,x,x,x,,no,no
Ghana2008,2008.0,Ghana,Africa,August 2010,Mining,91193482.0,90840454.0,11.0,http://eiti.org/files/Ghana%202008%20EITI%20Report.pdf,x,x,x,x,x,,no,no
Ghana2009,2009.0,Ghana,Africa,August 2011,Mining,111972313.33333333,111975972.38095237,10.0,http://eiti.org/files/Ghana%202009%20EITI%20Report.pdf,x,x,x,x,x,,no,no
Ghana2010,2010.0,Ghana,Africa,February 2013,"Oil, Gas, Mining",212460480.0,192644934.0,18.0,http://eiti.org/files/Ghana-2010-2011-EITI-Report.pdf; http://eiti.org/files/Ghana-2010-2011-Oil%26Gas-EITI-Report.pdf,x,x,x,x,x,,yes,no
Ghana2011,2011.0,Ghana,Africa,February 2013,"Oil, Gas, Mining",942698326.4100001,897711128.0,18.0,http://eiti.org/files/Ghana-2010-2011-EITI-Report.pdf; http://eiti.org/files/Ghana-2010-2011-Oil%26Gas-EITI-Report.pdf,x,x,x,x,x,,yes,no
Ghana2012,2012.0,Ghana,Africa,December 2014,"Oil, Mining",1112429755.66,1110806094.97,18.0,https://eiti.org/files/2012-2013_Final_Oil_and_Gas_Sector_Report_0.pdf,x,,x,,,,,no
Ghana2013,2013.0,Ghana,Africa,December 2014,"Oil, Mining",1269116732.93,1215635816.86,19.0,https://eiti.org/files/2012-2013_Final_Oil_and_Gas_Sector_Report_0.pdf,x,,x,,,,,no
Guatemala2010,2010.0,Guatemala,Latin America and Caribbean,April 2013,"Oil, Gas, Mining",155800631.0,157157449.0,8.0,http://eiti.org/files/Guatemala-2010-2011-EITI-Report-Spanish_0.pdf,,,x,,,,,
Guatemala2011,2011.0,Guatemala,Latin America and Caribbean,May 2013,"Oil, Gas, Mining",224641623.0,224641623.0,8.0,http://eiti.org/files/Guatemala-2010-2011-EITI-Report.pdf,,,x,,,,,
Guinea2005,2005.0,Guinea ,Africa,July 2007,Mining,138153403.0,139444841.0,6.0,http://eiti.org/files/Guinea%202005%20EITI%20Report.pdf,x,,x,,,,no,no
Guinea2006,2006.0,Guinea ,Africa,March 2012,Mining,129435000.0,122473523.42801651,6.0,http://eiti.org/files/Guinea-2006-EITI-Report.pdf,x,,x,,,,,
Guinea2007,2007.0,Guinea ,Africa,August 2012,Mining,171775146.47727105,173554249.65628326,6.0,http://eiti.org/files/Guinea-2007-EITI-Report.pdf,x,,x,,,,,
Guinea2008,2008.0,Guinea ,Africa,August 2012,Mining,211216758.63145587,212638919.54098818,6.0,http://eiti.org/files/Guinea-2008-EITI-Report.pdf,x,,x,,,,,
Guinea2009,2009.0,Guinea ,Africa,August 2012,Mining,204355820.14115614,216639913.76901186,6.0,http://eiti.org/files/Guinea-2009-EITI-Report.pdf,x,,x,,,,,
Guinea2010,2010.0,Guinea ,Africa,August 2012,Mining,218560221.14787036,220836821.31086206,7.0,http://eiti.org/files/Guinea-2010-EITI-Report.pdf,x,,x,,,,,
Guinea2011,2011.0,Guinea ,Africa,December 2013,Mining,975948622.4958882,982235037.0811987,24.0,http://eiti.org/files/Guinea-2011-EITI-Report-FR.pdf,x,,x,,,,,
Guinea2012,2012.0,Guinea ,Africa,December 2013,Mining,371466405.8297514,379858335.16916144,26.0,http://eiti.org/files/Guinea-2012-EITI-Report-FR.pdf,x,,x,,,,,
Indonesia2009,2009.0,Indonesia,East Asia and Pacific,May 2013,"Oil, Gas, Mining",24925055610.0,24682330430.0,126.0,http://eiti.org/files/Indonesia_2009_EITI_Report.pdf,x,,x,,x,x,yes,no
Indonesia2010,2010.0,Indonesia,East Asia and Pacific,May 2014,"Oil, Gas, Mining",32949795856.0,32920365915.0,211.0,http://eiti.org/files/EITI-2010-2011-oil-final.pdf; http://eiti.ekon.go.id/en/laporan-eiti-2010-2011-minerba/?aid=604&sa=1,x,,x,,x,x,yes,no
Indonesia2011,2011.0,Indonesia,East Asia and Pacific,May 2014,"Oil, Gas, Mining",44779611925.0,44689847698.0,233.0,http://eiti.org/files/EITI-2010-2011-oil-final.pdf; http://eiti.ekon.go.id/en/laporan-eiti-2010-2011-minerba/?aid=604&sa=1,x,,x,,x,x,yes,no
Iraq2009,2009.0,Iraq,Middle East and North Africa,November 2011,Oil,41249682456.5,40159269633.4,34.0,http://eiti.org/files/Iraq%202009%20EITI%20Report.pdf,x,,x,,,,yes,no
Iraq2010,2010.0,Iraq,Middle East and North Africa,December 2012,Oil,53852645106.35,54037731812.77,51.0,http://eiti.org/files/IEITI%202010%20English%20Final%20Report%20%2815%20May%202013%29.pdf,x,,x,,x,,yes,no
Iraq2011,2011.0,Iraq,Middle East and North Africa,December 2013,Oil,82986002828.0,81810684105.0,47.0,http://eiti.org/files/Iraq-2011-EITI-Report.pdf,x,,x,,x,,yes,no
Iraq2012,2012.0,Iraq,Middle East and North Africa,December 2014,Oil,94032633453.0,93136980753.0,43.0,https://eiti.org/files/IEITI%20Final%20Report%202012%20%20English.pdf,x,,x,,,,yes,no
Kazakhstan2005,2005.0,Kazakhastan,Europe and Central Asia,November 2007,Oil,2622996991.0,2610384907.0,37.0,https://eiti.org/files/Kazakhstan%202005%20EITI%20Report.pdf,,,x,,,,not specified,no
Kazakhstan2006,2006.0,Kazakhastan,Europe and Central Asia,November 2008,"Oil, Gas",10237431640.0,10113048830.0,103.0,https://eiti.org/files/Kazakhstan%202006%20EITI%20Report.pdf,,,x,,,,not specified,no
Kazakhstan2007,2007.0,Kazakhastan,Europe and Central Asia,April 2010,"Oil, Gas",12635329400.0,12635329400.0,108.0,https://eiti.org/files/Kazakhstan%202007%20EITI%20Report.pdf,,,x,,,,not specified,no
Kazakhstan2008,2008.0,Kazakhastan,Europe and Central Asia,April 2010,"Oil, Gas",21000131830.0,21000131830.0,109.0,https://eiti.org/files/Kazakhstan%202008%20EITI%20Report.pdf,,,x,,,,not specified,no
Kazakhstan2009,2009.0,Kazakhastan,Europe and Central Asia,May 2011,"Oil, Gas, Mining",12722411270.0,12971087110.0,123.0,https://eiti.org/files/Kazakhstan%202009%20EITI%20Report.pdf,,,x,,,,not specified,no
Kazakhstan2010,2010.0,Kazakhastan,Europe and Central Asia,December 2012,"Oil, Gas, Mining",20754211560.0,20787323350.0,164.0,https://eiti.org/files/Kazakhstan-2010-EITI-Report.pdf,x,,x,,,,not specified,no
Kazakhstan2011,2011.0,Kazakhastan,Europe and Central Asia,December 2012,"Oil, Gas, Mining",28779202170.0,28858076750.0,167.0,https://eiti.org/files/Kazakhstan-2011-EITI-Report.pdf,x,,x,,,,not specified,no
Kazakhstan2012,2012.0,Kazakhstan,Europe and Central Asia,December 2014,"Oil, Gas, Mining",30672394366.0,30665150905.0,158.0,https://eiti.org/files/EITI-Report-2012-Kazakhstan%20ANNEX.pdf,x,,x,,,,,no
Kazakhstan2013,2013.0,Kazakhstan,Europe and Central Asia,December 2014,"Oil, Gas, Mining",30773721236.0,31961400394.0,203.0,https://eiti.org/files/EITI-2013-Report-Kazakhstan_Annex.pdf,x,,x,,,,,no
KyrgyzRepublic2004,2004.0,Kyrgyz Republic,Europe and Central Asia,November 2009,Mining,30473246.0,120576226.0,2.0,http://eiti.org/files/Kyrgyz%20Republic%202008%20EITI%20Report_0.pdf,,,x,,,,not specified,no
KyrgyzRepublic2005,2005.0,Kyrgyz Republic,Europe and Central Asia,November 2009,Mining,29106335.0,38337987.0,6.0,http://eiti.org/files/Kyrgyz%20Republic%202008%20EITI%20Report_0.pdf,,,x,,,,not specified,no
KyrgyzRepublic2006,2006.0,Kyrgyz Republic,Europe and Central Asia,November 2009,Mining,26120301.0,33994038.0,6.0,http://eiti.org/files/Kyrgyz%20Republic%202008%20EITI%20Report_0.pdf,,,x,,,,not specified,no
KyrgyzRepublic2007,2007.0,Kyrgyz Republic,Europe and Central Asia,November 2009,Mining,28210188.0,37580429.0,6.0,http://eiti.org/files/Kyrgyz%20Republic%202008%20EITI%20Report_0.pdf,,,x,,,,not specified,no
KyrgyzRepublic2008,2008.0,Kyrgyz Republic,Europe and Central Asia,November 2009,"Oil, Gas, Mining",72855334.0,74794639.0,26.0,http://eiti.org/files/Kyrgyz%20Republic%202008%20EITI%20Report_0.pdf,,,x,,,,not specified,no
KyrgyzRepublic2009,2009.0,Kyrgyz Republic,Europe and Central Asia,July 2011,"Oil, Gas, Mining",96148291.0,99435121.0,26.0,http://eiti.org/files/Kyrgyz%20Republic%202009%20EITI%20Report.pdf,,,x,,,,not specified,no
KyrgyzRepublic2010,2010.0,Kyrgyz Republic,Europe and Central Asia,December 2012,"Oil, Gas, Mining",143976791.0,142159547.0,42.0,http://eiti.org/files/Kyrgyz%20Republic%202009%20EITI%20Report.pdf,x,x,x,,,,not specified,no
KyrgyzRepublic2011,2011.0,Kyrgyz Republic,Europe and Central Asia,December 2012,"Oil, Gas, Mining",246173059.0,246031215.0,57.0,http://eiti.org/files/Kyrgyzstan-2011-EITI-Report-2.pdf,x,x,x,,,,not specified,no
KyrgyzRepublic2012,2012.0,Kyrgyz Republic,Europe and Central Asia,April 2014,"Oil, Gas, Mining",217306922.0,217274931.0,72.0,http://eiti.org/files/Kyrgyzstan-2012-EITI-Report.pdf,x,x,x,,x,,not specified,no
Liberia2008,2008.0,Liberia,Africa,January 2009,"Oil, Mining, Forestry",29450878.97787335,29455182.95362076,46.0,http://eiti.org/files/Liberia%20Jul%202007%20-%20Jun%202008%20EITI%20Report.pdf,x,,x,,x,,yes,no
Liberia2009,2009.0,Liberia,Africa,January 2010,"Oil, Mining, Forestry, Agriculture",35425230.0,35280234.0,65.0,http://eiti.org/files/Liberia%20Jul%202008%20-%20Jun%202009%20EITI%20Report.pdf,x,,x,,x,,yes,no
Liberia2010,2010.0,Liberia,Africa,January 2011,"Oil, Mining, Forestry, Agriculture",71896113.0,69720697.0,71.0,http://eiti.org/files/Liberia%20Jul%202009%20-%20Jun%202010%20EITI%20Report.pdf,x,,x,,x,,yes,no
Liberia2011,2011.0,Liberia,Africa,May 2013,"Oil, Mining, Forestry, Agriculture",102802566.91,115407282.0,65.0,http://eiti.org/files/Liberia-2011-EITI-Report.pdf,x,,x,,x,,yes,no
Liberia2012,2012.0,Liberia,Africa,June 2014,"Oil, Mining, Forestry, Agriculture",110146657.0,100809819.0,80.0,http://eiti.org/files/EITI_Report_Liberia_2011-12.pdf,x,,x,,x,,yes,no
Madagascar2007,2007.0,Madagascar,Africa,May 2011,Mining,48300000.0,48100000.0,3.0,http://eiti.org/files/Madagascar%202007-2008-2009-%28Jan-June2010%29%20EITI%20Report.pdf,,,x,,,,,
Madagascar2008,2008.0,Madagascar,Africa,May 2011,Mining,55300000.0,54900000.0,3.0,http://eiti.org/files/Madagascar%202007-2008-2009-%28Jan-June2010%29%20EITI%20Report_0.pdf,,,x,,,,,
Madagascar2009,2009.0,Madagascar,Africa,May 2011,Mining,20900000.0,21000000.0,3.0,http://eiti.org/files/Madagascar%202007-2008-2009-%28Jan-June2010%29%20EITI%20Report_1.pdf,,,x,,,,,
Madagascar2010,2010.0,Madagascar,Africa,September 2012,"Oil, Gas, Mining",160705175.4177406,151591513.6386776,9.0,http://eiti.org/files/Madagascar-2010-EITI-Report.pdf,x,,x,,,x,,
Madagascar2011,2011.0,Madagascar,Africa,September 2013,"Oil, Gas, Mining",87349503.05170116,83461011.17475681,35.0,http://eiti.org/files/Rapport%20FINAL%20EITI%20Madagascar%20-%20Exercice%202011%20-%20FR_0.pdf,x,,x,,,,,
Mali2006,2006.0,Mali,Africa,November 2009,Mining,221333358.83264166,230105758.3813039,7.0,http://eiti.org/files/Mali%202006%20EITI%20Report.pdf,x,,x,,,,,
Mali2007,2007.0,Mali,Africa,May 2011,Mining,283774774.17844975,287602068.42591846,9.0,http://eiti.org/files/Mali%202007-2008%20EITI%20Report.pdf,x,,x,,,,,
Mali2008,2008.0,Mali,Africa,May 2011,Mining,281237313.39930284,290993478.4861306,9.0,http://eiti.org/files/Mali%202007-2008%20EITI%20Report_0.pdf,x,,x,,,,,
Mali2009,2009.0,Mali,Africa,November 2011,"Mining, Oil",380403587.3083742,370973010.96793836,40.0,http://eiti.org/files/Mali%202009%20EITI%20Report.pdf,x,,x,,,,,
Mali2010,2010.0,Mali,Africa,December 2012,Mining,346547621.39714646,351835136.30196124,9.0,http://eiti.org/files/Mali-2010-EITI-Report.pdf,x,,x,,,,,
Mali2011,2011.0,Mali,Africa,December 2013,Mining,425193486.5983402,423052152.7160842,18.0,http://eiti.org/files/Mali-2011-EITI-Report-FR.pdf,x,,x,,,,,
Mali2012,2012.0,Mali,Africa,December 2014,Mining,481528351.0,443716630.0,14.0,https://eiti.org/files/Rapport%20Final%20de%20Conciliation%20ITIE%20Mali%202012.pdf,x,,x,,,,,no
Mauritania2005,2005.0,Mauritania,Africa,February 2007,"Oil, Gas, Mining",29636377.09486687,28035804.654841263,14.0,http://eiti.org/files/Mauritania%202005%20EITI%20Report.pdf,,,x,,,,,
Mauritania2006,2006.0,Mauritania,Africa,June 2007,"Oil, Gas, Mining",280165029.7840655,273414760.23827255,27.0,http://eiti.org/files/Mauritania%202006%20EITI%20Report.pdf,,,x,,,,,
Mauritania2007,2007.0,Mauritania,Africa,June 2011,"Oil, Mining",175753291.2240898,182576278.7460038,36.0,http://eiti.org/files/Mauritania%202007%20EITI%20Report.pdf,,,x,,,,,
Mauritania2008,2008.0,Mauritania,Africa,June 2011,"Oil, Mining",231365651.58618,234899503.9671991,36.0,http://eiti.org/files/Mauritania%202007%20EITI%20Report.pdf,,,x,,,,,
Mauritania2009,2009.0,Mauritania,Africa,September 2011,"Oil, Mining",191165715.06295663,195416882.63640603,36.0,http://eiti.org/files/Mauritania%202009%20EITI%20Report.pdf,,,x,,,,,
Mauritania2010,2010.0,Mauritania,Africa,June 2013,"Oil, Gas, Mining",270018612.9911618,237278711.68385196,70.0,http://eiti.org/files/Mauritania-2010-EITI-Report.pdf,x,,x,,,,,
Mauritania2011,2011.0,Mauritania,Africa,June 2013,"Oil, Gas, Mining",448018316.7655246,429224820.9804543,70.0,http://eiti.org/files/Mauritania-2011-EITI-Report.pdf,x,,x,,,,,
Mauritania2012,2012.0,Mauritania,Africa,December 2014,"Oil, Mining",472169395.83,468640335.36,15.0,https://eiti.org/files/Rapport%20final%20-%20Conciliation%20ITIE%20Mauritanie%202012.pdf,x,,x,,,,,no
Mongolia2006,2006.0,Mongolia,East Asia and Pacific,December 2007,"Oil, Mining",411987301.6,434116184.3,25.0,http://eiti.org/files/Mongolia%202006%20EITI%20Report.pdf,x,,x,,x,,yes,no
Mongolia2007,2007.0,Mongolia,East Asia and Pacific,October 2009,"Oil, Mining",640532901.0,660586246.0,38.0,http://eiti.org/files/Mongolia%202007%20EITI%20Report.pdf,x,,x,,x,,yes,no
Mongolia2008,2008.0,Mongolia,East Asia and Pacific,May 2010,"Oil, Mining",587942636.0,588887191.4,46.0,http://eiti.org/files/Mongolia%202008%20EITI%20Report.pdf,x,,x,,x,,yes,no
Mongolia2009,2009.0,Mongolia,East Asia and Pacific,May 2011,"Oil, Mining",512525992.42710215,512566409.3,101.0,http://eiti.org/files/Mongolia%202009%20EITI%20Report.pdf,x,x,x,,x,,yes,no
Mongolia2010,2010.0,Mongolia,East Asia and Pacific,May 2012,"Oil, Mining",943183886.0,943184625.7,150.0,http://eiti.org/files/Mongolia-2010-EITI-Report-FULL.pdf,x,x,x,,x,,yes,no
Mongolia2011,2011.0,Mongolia,East Asia and Pacific,November 2012,"Oil, Mining",1716796513.0,1716856381.0,200.0,http://eiti.org/files/Mongolia-2011-EITI-Report-PartI.pdf,x,x,x,,x,,yes,no
Mongolia2012,2012.0,Mongolia,East Asia and Pacific,January 2013,"Oil, Mining",1180619495.0,2233069669.0,199.0,http://eiti.org/files/Mongolia-2012-EITI-Report.pdf,x,,x,,x,,yes,no
Mongolia2013,2013.0,Mongolia,East Asia and Pacific,December 2014,"Oil, Mining",1054895582.33,1054920348.06,240.0,https://eiti.org/files/Shorter%20PDF%20MEITI%20Report-English%20Master_final_2013.pdf,x,,x,,,,,no
Mozambique2008,2008.0,Mozambique,Africa,January 2011,"Gas, Mining",25571802.53097141,8484826.0,6.0,http://eiti.org/files/Mozambique%202008%20EITI%20Report.pdf,x,x,x,x,x,x,yes,no
Mozambique2009,2009.0,Mozambique,Africa,March 2012,"Oil, Gas, Mining",51049678.183363676,42568813.472747095,31.0,http://eiti.org/files/Mozambique-2009-EITI-Report.pdf,x,,x,,x,,yes,no
Mozambique2009,2011.0,Mozambique,Africa,March 2014,"Oil, Gas, Mining",115116240.28,114608833.28,37.0,http://eiti.org/files/Mozambique-2011-EITI-Report.pdf,x,,x,,x,x,yes,no
Mozambique2010,2010.0,Mozambique,Africa,December 2012,"Oil, Gas, Mining",71555872.33687955,56324644.57037691,44.0,http://eiti.org/files/Mozambique-2010-EITI-Report.pdf,x,,x,,x,,yes,no
Niger2005,2005.0,Niger,Africa,September 2009,"Oil, Mining",14928853.70728069,15079465.449712178,13.0,http://eiti.org/files/Niger%202005-2006%20EITI%20Report.pdf,x,,x,,,,,
Niger2006,2006.0,Niger,Africa,September 2009,"Oil, Mining",25063833.699167486,25374332.380495336,13.0,http://eiti.org/files/Niger%202005-2006%20EITI%20Report_0.pdf,x,,x,,,,,
Niger2007,2007.0,Niger,Africa,December 2010,"Oil, Gas, Mining",147175593.54643524,147175593.54643524,68.0,http://eiti.org/files/Niger%202007-2008-2009%20EITI%20Report_1.pdf,x,,x,,,,,
Niger2008,2008.0,Niger,Africa,December 2010,"Oil, Gas, Mining",418740295.82386595,418740295.82386595,63.0,http://eiti.org/files/Niger%202007-2008-2009%20EITI%20Report_0.pdf,x,,x,,,,,
Niger2009,2009.0,Niger,Africa,December 2010,"Oil, Gas, Mining",143129702.9482843,143129702.9482843,39.0,http://eiti.org/files/Niger%202007-2008-2009%20EITI%20Report.pdf,x,,x,,,,,
Niger2010,2010.0,Niger,Africa,June 2012,"Oil, Gas, Mining",109503726.04387245,107544027.23628214,73.0,http://eiti.org/files/Niger-2010-EITI-Report.pdf,x,,x,,,,,
Niger2011,2011.0,Niger,Africa,December 2013,"Oil, Gas, Mining",119279040.34148772,117840829.10229464,113.0,http://eiti.org/files/4eme_rapport_itie_niger_2011_0.pdf,,,x,,,,,
Niger2012,2012.0,Niger,Africa,December 2014,"Oil, Mining",344759167.0,340897169.0,63.0,https://eiti.org/files/Rapport%20du00E9finitif%20collecte%202012.pdf,x,,x,,,,,no
Nigeria1999,1999.0,Nigeria,Africa,October 2006,"Oil, Gas",8073000000.0,8084000000.0,24.0,https://eiti.org/files/Nigeria%201999-%202004%20EITI%20Report_4.pdf,x,,,,,,yes,no
Nigeria2000,2000.0,Nigeria,Africa,October 2006,"Oil, Gas",15807000000.0,15807000000.0,24.0,https://eiti.org/files/Nigeria%201999-%202004%20EITI%20Report_4.pdf,x,,,,,,yes,no
Nigeria2001,2001.0,Nigeria,Africa,October 2006,"Oil, Gas",15909000000.0,15909000000.0,24.0,https://eiti.org/files/Nigeria%201999-%202004%20EITI%20Report_4.pdf,x,,,,,,yes,no
Nigeria2002,2002.0,Nigeria,Africa,October 2006,"Oil, Gas",11875000000.0,11875000000.0,24.0,https://eiti.org/files/Nigeria%201999-%202004%20EITI%20Report_4.pdf,x,,,,,,yes,no
Nigeria2003,2003.0,Nigeria,Africa,October 2006,"Oil, Gas",17091000000.0,17095000000.0,24.0,https://eiti.org/files/Nigeria%201999-%202004%20EITI%20Report_4.pdf,x,,,,,,yes,no
Nigeria2004,2004.0,Nigeria,Africa,October 2006,"Oil, Gas",26596000000.0,26597000000.0,24.0,https://eiti.org/files/Nigeria%201999-%202004%20EITI%20Report_4.pdf,x,,,,,,yes,no
Nigeria2005,2005.0,Nigeria,Africa,September 2008,"Oil, Gas",37761759990.70618,37589633076.17887,not specified,https://eiti.org/files/Nigeria%202005%20EITI%20Report.pdf,x,,,,,,yes,no
Nigeria2006,2006.0,Nigeria,Africa,January 2011,"Oil, Gas",45464400000.0,44748184080.0,not specified,https://eiti.org/files/Nigeria%202006-2007-2008%20EITI%20Report.pdf,x,,,,,,yes,no
Nigeria2007,2007.0,Nigeria,Africa,January 2011,"Oil, Gas",43678500000.0,43562165330.0,not specified,https://eiti.org/files/Nigeria%202006-2007-2008%20EITI%20Report.pdf,x,,,,,,yes,no
Nigeria2008,2008.0,Nigeria,Africa,January 2011,"Oil, Gas",59398200000.0,59266324980.0,not specified,https://eiti.org/files/Nigeria%202006-2007-2008%20EITI%20Report.pdf,x,,,,,,yes,no
Nigeria2009,2009.0,Nigeria,Africa,January 2013,"Oil, Gas",30129486000.0,30087646000.0,not specified,https://eiti.org/files/NEITI-EITI-Core-Audit-Report-Oil-Gas-2009-2011-310113-New_0.pdf,x,,,,,,yes,no
Nigeria2010,2010.0,Nigeria,Africa,January 2013,"Oil, Gas",44944995000.0,44965362000.0,not specified,https://eiti.org/files/NEITI-EITI-Core-Audit-Report-Oil-Gas-2009-2011-310113-New_0.pdf,x,,,,,,yes,no
Nigeria2011,2011.0,Nigeria,Africa,January 2013 (oil & gas report); May 2014 (mining report),"Oil, Gas, Mining",68613385930.0,68690659359.0,not specified,https://eiti.org/files/NEITI-EITI-Core-Audit-Report-Oil-Gas-2009-2011-310113-New_0.pdf; http://eiti.org/files/2011%20SMA%20FINAL%20CORE%20EITI%20REPORT.pdf,x,,,,,,yes,no
Nigeria2012,2012.0,Nigeria,Africa,December 2014,Mining,177501338.81,164593480.07,58.0,https://eiti.org/files/Nigeria-SMA-Report-2012_0.pdf,x,,x,,,,,no
Norway2008,2008.0,Norway,Europe and Central Asia,November 2009,"Oil, Gas",71008812.23404256,71008812.23404256,69.0,http://eiti.org/files/Norway%202008%20EITI%20Report.pdf,x,,x,,x,,yes,no
Norway2009,2009.0,Norway,Europe and Central Asia,October 2010,"Oil, Gas",42349871974.52229,42349871974.52229,64.0,http://eiti.org/files/Norway-2009-EITI-Report.pdf,x,,x,,x,,yes,no
Norway2010,2010.0,Norway,Europe and Central Asia,April 2012,"Oil, Gas",44013892000.0,44013892000.0,66.0,http://eiti.org/files/Norway-2010-EITI-Report-Norwegian.pdf,x,,x,,,,,
Norway2011,2011.0,Norway,Europe and Central Asia,October 2010,"Oil, Gas",60421715740.0,60421715740.0,64.0,http://www.regjeringen.no/upload/OED/pdf%20filer/EITI/1269981599_670670_EITIrapport_2012_engelsk.pdf,x,,x,,x,,yes,no
Norway2012,2012.0,Norway,Europe and Central Asia,October 2010,"Oil, Gas",65229640210.0,65229640210.0,69.0,http://eiti.org/files/Norway-2012-EITI-report.pdf,x,,x,,x,,yes,no
Peru2004,2004.0,Peru,Latin America and Caribbean,October 2009,"Oil, Gas, Mining",884263514.4985337,883327965.6099706,33.0,http://eiti.org/files/Peru%202004-2007%20EITI%20Report.pdf,,,x,,,,no,no
Peru2005,2005.0,Peru,Latin America and Caribbean,October 2009,"Oil, Gas, Mining",1756747244.267477,1755425838.3039513,33.0,http://eiti.org/files/Peru%202004-2007%20EITI%20Report.pdf,,,x,,,,no,no
Peru2006,2006.0,Peru,Latin America and Caribbean,October 2009,"Oil, Gas, Mining",2926435259.9327216,2926253811.761468,33.0,http://eiti.org/files/Peru%202004-2007%20EITI%20Report.pdf,,,x,,,,no,no
Peru2007,2007.0,Peru,Latin America and Caribbean,October 2009,"Oil, Gas, Mining",3125388072.794872,3126093879.5,33.0,http://eiti.org/files/Peru%202004-2007%20EITI%20Report.pdf,,,x,,,,no,no
Peru2008,2008.0,Peru,Latin America and Caribbean,December 2011,"Oil, Gas, Mining",3573697357.7190704,3573963810.161312,51.0,http://eiti.org/files/Peru%202008-2010%20EITI%20Report.pdf,,,x,,,,no,no
Peru2009,2009.0,Peru,Latin America and Caribbean,December 2012,"Oil, Gas, Mining",2965369766.4701195,2965945526.7968125,51.0,http://eiti.org/files/Peru%202008-2010%20EITI%20Report.pdf,,,x,,,,no,no
Peru2010,2010.0,Peru,Latin America and Caribbean,December 2013,"Oil, Gas, Mining",4358147652.27247,4358224746.293701,51.0,http://eiti.org/files/Peru%202008-2010%20EITI%20Report.pdf,,,x,,,,no,no
Peru2011,2011.0,Peru,Latin America and Caribbean,February 2014,"Oil, Gas, Mining",5884323617.0,5881394469.0,59.0,http://eiti.org/files/Peru-2011-2012-EITI-Report.pdf,x,,x,,,,no,no
Peru2012,2012.0,Peru,Latin America and Caribbean,February 2014,"Oil, Gas, Mining",5480907241.0,5478998767.0,59.0,http://eiti.org/files/Peru-2011-2012-EITI-Report_0.pdf,x,,x,,,,no,no
RepublicOfTheCongo2004,2004.0,Republic of the Congo,Africa,August 2008,"Oil, Gas",802597372.7274218,,17.0,http://eiti.org/files/Congo-Rep-2004-2005-2006-EITI-Report.pdf,,,x,,,,,
RepublicOfTheCongo2005,2005.0,Republic of the Congo,Africa,August 2009,"Oil, Gas",1738493617.951367,,17.0,http://eiti.org/files/Congo-Rep-2004-2005-2006-EITI-Report_0.pdf,,,x,,,,,
RepublicOfTheCongo2006,2006.0,Republic of the Congo,Africa,August 2009,"Oil, Gas",2581804427.329393,,17.0,http://eiti.org/files/Congo-Rep-2004-2005-2006-EITI-Report_1.pdf,,,x,,,,,
RepublicOfTheCongo2007,2007.0,Republic of the Congo,Africa,October 2010,"Oil, Gas",2553350325.830701,2443821662.968848,25.0,http://eiti.org/files/Republic%20of%20Congo%202007-2008-2009%20EITI%20Report.pdf,,,x,,,,,
RepublicOfTheCongo2008,2008.0,Republic of the Congo,Africa,October 2010,"Oil, Gas",4645910135.553427,4608048676.908587,25.0,http://eiti.org/files/Republic%20of%20Congo%202007-2008-2009%20EITI%20Report_0.pdf,,,x,,,,,
RepublicOfTheCongo2009,2009.0,Republic of the Congo,Africa,October 2010,"Oil, Gas",2343960552.735944,2293891127.904753,30.0,http://eiti.org/files/Republic%20of%20Congo%202007-2008-2009%20EITI%20Report_1.pdf,,,x,,,,,
RepublicOfTheCongo2010,2010.0,Republic of the Congo,Africa,December 2011,"Oil, Gas",3195780380.0319676,3419011268.892057,16.0,http://eiti.org/files/Republic%20of%20Congo%202010%20EITI%20Report.pdf,,,,,,,,
RepublicOfTheCongo2011,2011.0,Republic of the Congo,Africa,September 2012,"Oil, Gas",5529544307.0,5551437090.985856,17.0,http://eiti.org/files/Congo-Rep-2011-EITI-Report-2.pdf,,,x,,,,,
RepublicOfTheCongo2012,2012.0,Republic of the Congo,Africa,December 2013,"Oil, Gas, Mining",3185676000.0,3210830000.0,21.0,http://eiti.org/files/EITI%20REPORT%202012-CONGO%20B..pdf,x,,x,,,,,
RepublicOfTheCongo2013,2013.0,Republic of the Congo,Africa,December 2014,"Oil, Gas",3041615000.0,3044743000.0,96.0,https://eiti.org/files/Fair%20Links%20-%20Congo%20-%20ITIE%202013%20-%20Rapport%20ITIE%202013.pdf,x,,x,,,,,no
Sierra Leone2006,2006.0,Sierra Leone,Africa,February 2010,Mining,7255694.5761567,7650039.54407294,9.0,http://eiti.org/files/Sierra%20Leone%202006-2007%20EITI%20Report.pdf,x,,x,,x,,no,no
Sierra Leone2007,2007.0,Sierra Leone,Africa,February 2010,Mining,10201528.66588471,10475495.659182299,9.0,http://eiti.org/files/Sierra%20Leone%202006-2007%20EITI%20Report.pdf,x,,x,,x,,no,no
Sierra Leone2008,2008.0,Sierra Leone,Africa,September 2012,"Oil, Gas, Mining",4427564.2110363245,7434047.140830937,12.0,http://eiti.org/files/Sierra-Leone-2008-2010-EITI-Report_1.pdf,x,x,x,x,x,,no,no
Sierra Leone2009,2009.0,Sierra Leone,Africa,September 2012,"Oil, Gas, Mining",5875777.997759668,6091293.364760502,12.0,http://eiti.org/files/Sierra-Leone-2008-2010-EITI-Report_1.pdf,x,x,x,x,x,,no,no
Sierra Leone2010,2010.0,Sierra Leone,Africa,September 2012,"Oil, Gas, Mining",7586792.565150404,8273470.975123537,13.0,http://eiti.org/files/Sierra-Leone-2008-2010-EITI-Report_1.pdf,x,x,x,x,x,,no,no
Sierra Leone2011,2011.0,Sierra Leone,Africa,December 2013,"Oil, Gas, Mining",27621406.0,26293142.0,19.0,http://eiti.org/files/SLEITI%20Reconciliation%20Report%202011%20-%20Final.pdf,x,,x,,x,,no,no
Tanzania2009,2009.0,Tanzania,Africa,January 2011,"Gas, Mining",102252340.0,138928383.0,11.0,http://eiti.org/files/Tanzania%20Jul%202008-%20Jun%202009%20EITI%20Report.pdf,x,x,x,x,x,,yes,no
Tanzania2010,2010.0,Tanzania,Africa,May 2012,"Gas, Mining",305762430.1,309407926.3,22.0,http://eiti.org/files/Tanzania-2010-EITI-Report.pdf,x,x,x,x,x,,yes,no
Tanzania2011,2011.0,Tanzania,Africa,June 2013,"Gas, Mining",329804745.0,337100430.0,29.0,http://eiti.org/files/Tanzania-2011-EITI-Report.pdf,x,x,x,x,x,,yes,no
Tanzania2012,2012.0,Tanzania,Africa,June 2014,"Oil, Gas, Mining",468277747.6995896,469605653.310861,44.0,http://eiti.org/files/Tanzania_2012_EITI_Report.pdf,x,,x,,x,,yes,no
TimorLeste2008,2008.0,Timor Leste,East Asia and Pacific,October 2009,"Oil, Gas",2509572538.0,2509572538.0,18.0,http://eiti.org/files/Timor-Leste%20EITI%202008%20report_0.pdf,x,,x,,x,,yes,no
TimorLeste2009,2009.0,Timor Leste,East Asia and Pacific,February 2011,"Oil, Gas",1763889996.0,1763889996.0,18.0,http://eiti.org/files/Timor-Leste%202009%20EITI%20Report.pdf,x,,x,,x,,yes,no
TimorLeste2010,2010.0,Timor Leste,East Asia and Pacific,November 2012,"Oil, Gas",2149721568.0,2149721568.0,19.0,http://eiti.org/files/Timor-Leste%202009%20EITI%20Report.pdf,x,,x,,x,x,yes,no
TimorLeste2011,2011.0,Timor Leste,East Asia and Pacific,December 2012,"Oil, Gas",3453285817.0,3453285817.0,20.0,http://eiti.org/files/Timor-Leste-2011-EITI-Report.pdf,x,,x,,x,x,yes,no
Togo2010,2010.0,Togo,Africa,February 2012,"Oil, Mining, Other",60128720.44646464,65899109.78989899,22.0,http://eiti.org/files/Togo-2010-EITI-Report.pdf,x,,x,,,,,
Togo2011,2011.0,Togo,Africa,February 2013,"Oil, Mining, Other",31315792.572,31297366.316,25.0,http://eiti.org/files/Togo-2011-EITI-Report-FR.pdf,x,,x,,,,,
Togo2012,2012.0,Togo,Africa,December 2014,Mining,31681601.94,35222626.91,27.0,https://eiti.org/files/2012%20Togo%20EITI%20Report%20Moore%20Stephens.pdf,x,,x,,,,,no
Trinidad&Tobago2011,2011.0,Trinidad & Tobago,Latin America and Caribbean,September 2013,"Oil, Gas",3593984496.0,3605333333.0,46.0,http://eiti.org/files/FINAL-TTEITI-reconciliation-report-2011.pdf,x,,x,,,x,yes,no
Yemen2005,2005.0,Yemen,Middle East and North Africa,September 2010,"Oil, Gas",4668154975.0,4668248606.0,12.0,http://eiti.org/files/Yemen%202005-2006-2007%20EITI%20Report.pdf,,,x,,,,yes,no
Yemen2006,2006.0,Yemen,Middle East and North Africa,September 2010,"Oil, Gas",5122351269.0,5121921597.0,12.0,http://eiti.org/files/Yemen%202005-2006-2007%20EITI%20Report.pdf,,,x,,,,yes,no
Yemen2007,2007.0,Yemen,Middle East and North Africa,September 2010,"Oil, Gas",5331162225.0,5331078375.0,12.0,http://eiti.org/files/Yemen%202005-2006-2007%20EITI%20Report.pdf,,,x,,,,yes,no
Yemen2008,2008.0,Yemen,Middle East and North Africa,June 2013,"Oil, Gas",7591231594.0,214794365.0,12.0,http://eiti.org/files/Yemen-2008-2009-2010-EITI-Report_1.pdf; http://www.yemeneiti.org/english/wp-content/uploads/2013/09/APPENDICES_Final-Edition.pdf,,,x,,,,yes,no
Yemen2009,2009.0,Yemen,Middle East and North Africa,June 2013,"Oil, Gas",3625997931.0,114590378.0,12.0,http://eiti.org/files/Yemen-2008-2009-2010-EITI-Report_1.pdf; http://www.yemeneiti.org/english/wp-content/uploads/2013/09/APPENDICES_Final-Edition.pdf,,,x,,,,yes,no
Yemen2010,2010.0,Yemen,Middle East and North Africa,June 2013,"Oil, Gas",5081696110.0,245902656.0,13.0,http://eiti.org/files/Yemen-2008-2009-2010-EITI-Report_1.pdf; http://www.yemeneiti.org/english/wp-content/uploads/2013/09/APPENDICES_Final-Edition.pdf,,x,x,x,,,yes,no
Yemen2011,2011.0,Yemen,Middle East and North Africa,April 2014,"Oil, Gas",5539756725.0,372118093.0,40.0,http://eiti.org/files/YEM3_11_apr_2014.pdf,,x,x,x,,,yes,no
Zambia2008,2008.0,Zambia,Africa,January 2011,Mining,470370875.0,473725116.0,14.0,http://eiti.org/files/Zambia%202008%20EITI%20Report.pdf,x,,x,,x,,yes,no
Zambia2009,2009.0,Zambia,Africa,February 2012,Mining,533783358.0,574901639.0,28.0,http://eiti.org/files/Zambia-2009-EITI-Report.pdf,x,,x,,x,,yes,no
Zambia2010,2010.0,Zambia,Africa,February 2013,Mining,757063737.0,758825945.0,20.0,http://eiti.org/files/Zambia-2010-EITI-Report.pdf; http://eiti.org/files/zambia/Zambia-EITI-2010-Report-Annexes.pdf,x,,x,,x,,yes,no
Zambia2011,2011.0,Zambia,Africa,February 2014,Mining,1588841770.0,1600810082.0,25.0,http://eiti.org/files/Zambia-2011-EITI-Report.pdf,x,,x,,x,,yes,no
Zambia2012,2012.0,Zambia,Africa,November 2014,"Oil, Mining",1537626771.04,1519219439.75,29.0,https://eiti.org/files/zeiti_2012_reconciliation_final_report_18_12_14.pdf,x,,x,,,,,no
Zambia2013,2013.0,Zambia,Africa,December 2014,"Oil, Mining",1498550077.77,1428239205.44,29.0,https://eiti.org/files/zeiti_2013_reconciliation_final_report_18_12_14%20%281%29%20%282%29.pdf,x,,x,,,,,no
,,,,,,,,,,,,,,,,,
,,,,,,,,,,,,,,,,,
On EITI website for each country:,,,,,,,,,,,,,,,,,
http://eiti.org/countries/reports,,,,,,,,,,,,,,,,,
For example:,,,,,,,,,,,,,,,,,
http://eiti.org/Nigeria,,,,,,,,,,,,,,,,,
